{
  "name": "Web Application Security Workshop-Scenes",
  "current_scene": "\ud83c\udfac Intro",
  "current_program_scene": "\ud83c\udfac Intro",
  "current_preview_scene": "\ud83d\udc64 Talking Head",
  "transition": {
    "name": "Fade",
    "type": "fade_transition",
    "settings": {
      "duration": 300
    }
  },
  "scenes": [
    {
      "name": "\ud83c\udfac Intro",
      "sources": [
        {
          "id": "browser_source",
          "name": "Overlay Overlay",
          "settings": {
            "url": "file:///PATH/TO/EXTRACTED/FOLDER/intro.html",
            "width": 1920,
            "height": 1080,
            "fps": 30,
            "css": "",
            "shutdown": true,
            "restart_when_active": true
          },
          "enabled": true,
          "visible": true,
          "transform": {
            "pos": {
              "x": 0.0,
              "y": 0.0
            },
            "rot": 0.0,
            "scale": {
              "x": 1.0,
              "y": 1.0
            },
            "crop": {
              "left": 0,
              "top": 0,
              "right": 0,
              "bottom": 0
            }
          }
        }
      ],
      "settings": {},
      "id": 0
    },
    {
      "name": "\ud83d\udc64 Talking Head",
      "sources": [
        {
          "id": "browser_source",
          "name": "Overlay Overlay",
          "settings": {
            "url": "file:///PATH/TO/EXTRACTED/FOLDER/talking-head.html",
            "width": 1920,
            "height": 1080,
            "fps": 30,
            "css": "",
            "shutdown": true,
            "restart_when_active": true
          },
          "enabled": true,
          "visible": true,
          "transform": {
            "pos": {
              "x": 0.0,
              "y": 0.0
            },
            "rot": 0.0,
            "scale": {
              "x": 1.0,
              "y": 1.0
            },
            "crop": {
              "left": 0,
              "top": 0,
              "right": 0,
              "bottom": 0
            }
          }
        },
        {
          "id": "v4l2_input",
          "name": "Camera",
          "settings": {
            "device_id": "",
            "resolution": "1920x1080",
            "fps": 30
          },
          "enabled": true,
          "visible": true,
          "transform": {
            "pos": {
              "x": 0.0,
              "y": 0.0
            },
            "rot": 0.0,
            "scale": {
              "x": 1.0,
              "y": 1.0
            },
            "crop": {
              "left": 0,
              "top": 0,
              "right": 0,
              "bottom": 0
            }
          }
        }
      ],
      "settings": {},
      "id": 1
    },
    {
      "name": "\ud83d\udcca Presentation",
      "sources": [
        {
          "id": "browser_source",
          "name": "Overlay Overlay",
          "settings": {
            "url": "file:///PATH/TO/EXTRACTED/FOLDER/presentation.html",
            "width": 1920,
            "height": 1080,
            "fps": 30,
            "css": "",
            "shutdown": true,
            "restart_when_active": true
          },
          "enabled": true,
          "visible": true,
          "transform": {
            "pos": {
              "x": 0.0,
              "y": 0.0
            },
            "rot": 0.0,
            "scale": {
              "x": 1.0,
              "y": 1.0
            },
            "crop": {
              "left": 0,
              "top": 0,
              "right": 0,
              "bottom": 0
            }
          }
        },
        {
          "id": "v4l2_input",
          "name": "Camera",
          "settings": {
            "device_id": "",
            "resolution": "1920x1080",
            "fps": 30
          },
          "enabled": true,
          "visible": true,
          "transform": {
            "pos": {
              "x": 960.0,
              "y": 0.0
            },
            "rot": 0.0,
            "scale": {
              "x": 1.0,
              "y": 1.0
            },
            "crop": {
              "left": 480,
              "right": 480,
              "top": 0,
              "bottom": 0
            }
          }
        },
        {
          "id": "xshm_input",
          "name": "Screen Capture",
          "settings": {
            "display": 0
          },
          "enabled": true,
          "visible": true,
          "transform": {
            "pos": {
              "x": 0.0,
              "y": 0.0
            },
            "rot": 0.0,
            "scale": {
              "x": 1.0,
              "y": 1.0
            },
            "crop": {
              "left": 0,
              "top": 0,
              "right": 0,
              "bottom": 0
            }
          }
        }
      ],
      "settings": {},
      "id": 2
    },
    {
      "name": "\ud83d\udcbb Code Demo",
      "sources": [
        {
          "id": "browser_source",
          "name": "Overlay Overlay",
          "settings": {
            "url": "file:///PATH/TO/EXTRACTED/FOLDER/code-demo.html",
            "width": 1920,
            "height": 1080,
            "fps": 30,
            "css": "",
            "shutdown": true,
            "restart_when_active": true
          },
          "enabled": true,
          "visible": true,
          "transform": {
            "pos": {
              "x": 0.0,
              "y": 0.0
            },
            "rot": 0.0,
            "scale": {
              "x": 1.0,
              "y": 1.0
            },
            "crop": {
              "left": 0,
              "top": 0,
              "right": 0,
              "bottom": 0
            }
          }
        },
        {
          "id": "v4l2_input",
          "name": "Camera",
          "settings": {
            "device_id": "",
            "resolution": "1920x1080",
            "fps": 30
          },
          "enabled": true,
          "visible": true,
          "transform": {
            "pos": {
              "x": 1400.0,
              "y": 765.0
            },
            "rot": 0.0,
            "scale": {
              "x": 0.25,
              "y": 0.25
            },
            "crop": {
              "left": 0,
              "right": 0,
              "top": 0,
              "bottom": 0
            }
          }
        },
        {
          "id": "xshm_input",
          "name": "Screen Capture",
          "settings": {
            "display": 0
          },
          "enabled": true,
          "visible": true,
          "transform": {
            "pos": {
              "x": 0.0,
              "y": 0.0
            },
            "rot": 0.0,
            "scale": {
              "x": 1.0,
              "y": 1.0
            },
            "crop": {
              "left": 0,
              "top": 0,
              "right": 0,
              "bottom": 0
            }
          }
        }
      ],
      "settings": {},
      "id": 3
    },
    {
      "name": "\ud83d\udda5\ufe0f Screen Only",
      "sources": [
        {
          "id": "browser_source",
          "name": "Overlay Overlay",
          "settings": {
            "url": "file:///PATH/TO/EXTRACTED/FOLDER/screen-only.html",
            "width": 1920,
            "height": 1080,
            "fps": 30,
            "css": "",
            "shutdown": true,
            "restart_when_active": true
          },
          "enabled": true,
          "visible": true,
          "transform": {
            "pos": {
              "x": 0.0,
              "y": 0.0
            },
            "rot": 0.0,
            "scale": {
              "x": 1.0,
              "y": 1.0
            },
            "crop": {
              "left": 0,
              "top": 0,
              "right": 0,
              "bottom": 0
            }
          }
        },
        {
          "id": "xshm_input",
          "name": "Screen Capture",
          "settings": {
            "display": 0
          },
          "enabled": true,
          "visible": true,
          "transform": {
            "pos": {
              "x": 0.0,
              "y": 0.0
            },
            "rot": 0.0,
            "scale": {
              "x": 1.0,
              "y": 1.0
            },
            "crop": {
              "left": 0,
              "top": 0,
              "right": 0,
              "bottom": 0
            }
          }
        }
      ],
      "settings": {},
      "id": 4
    },
    {
      "name": "\ud83d\udcfa BRB",
      "sources": [
        {
          "id": "browser_source",
          "name": "Overlay Overlay",
          "settings": {
            "url": "file:///PATH/TO/EXTRACTED/FOLDER/brb.html",
            "width": 1920,
            "height": 1080,
            "fps": 30,
            "css": "",
            "shutdown": true,
            "restart_when_active": true
          },
          "enabled": true,
          "visible": true,
          "transform": {
            "pos": {
              "x": 0.0,
              "y": 0.0
            },
            "rot": 0.0,
            "scale": {
              "x": 1.0,
              "y": 1.0
            },
            "crop": {
              "left": 0,
              "top": 0,
              "right": 0,
              "bottom": 0
            }
          }
        }
      ],
      "settings": {},
      "id": 5
    },
    {
      "name": "\ud83c\udfaf Outro",
      "sources": [
        {
          "id": "browser_source",
          "name": "Overlay Overlay",
          "settings": {
            "url": "file:///PATH/TO/EXTRACTED/FOLDER/outro.html",
            "width": 1920,
            "height": 1080,
            "fps": 30,
            "css": "",
            "shutdown": true,
            "restart_when_active": true
          },
          "enabled": true,
          "visible": true,
          "transform": {
            "pos": {
              "x": 0.0,
              "y": 0.0
            },
            "rot": 0.0,
            "scale": {
              "x": 1.0,
              "y": 1.0
            },
            "crop": {
              "left": 0,
              "top": 0,
              "right": 0,
              "bottom": 0
            }
          }
        }
      ],
      "settings": {},
      "id": 6
    }
  ],
  "sources": [],
  "groups": [],
  "quick_transitions": [],
  "current_transition": "Fade",
  "transition_duration": 300,
  "sync_offset": {
    "sec": 0,
    "nsec": 0
  },
  "studio_mode": false,
  "monitoring_type": 0,
  "properties": [],
  "hotkeys": {
    "OBSBasic.SelectScene": [
      {
        "key": "OBS_KEY_F1",
        "scene": "\ud83c\udfac Intro"
      },
      {
        "key": "OBS_KEY_F2",
        "scene": "\ud83d\udc64 Talking Head"
      },
      {
        "key": "OBS_KEY_F3",
        "scene": "\ud83d\udcca Presentation"
      },
      {
        "key": "OBS_KEY_F4",
        "scene": "\ud83d\udcbb Code Demo"
      },
      {
        "key": "OBS_KEY_F5",
        "scene": "\ud83d\udda5\ufe0f Screen Only"
      },
      {
        "key": "OBS_KEY_F6",
        "scene": "\ud83d\udcfa BRB"
      },
      {
        "key": "OBS_KEY_F7",
        "scene": "\ud83c\udfaf Outro"
      }
    ]
  },
  "metadata": {
    "generated_by": "obs-scenes-setup",
    "created_at": "2025-09-07T12:57:24.752095",
    "event_title": "Web Application Security Workshop",
    "instructor": "Endy Muhardin",
    "version": "1.0.0"
  }
}